Latitude,Longitude,Color,Preferred,Advertiser Color,Advertiser,Area,County,Name,Category,Contact Name,Address,Driver,Total to Deliver,Initial Delivery,NOTES,INITIAL DEL WINTER 2014,Restock 1,Restock 2,Restock 3,Restock 4,Total Delivered,Quantity Returned,Contact Phone,Notes
36.596775,-121.896196,,,,,,Monterey,1833 Restaurant,,,"500 Hartnell Street Monterey, CA 93940",,,,asked for only a few,25,,,,,,,,
36.5394592,-121.9055786,silver,n,silver,n,Carmel - ByTheSea,Monterey,400 Degrees,,,"Carmel Plaza, Mission St., Carmel, CA 93921",Mick,,30,,56,,,,,,,,
36.981003,-122.029419,green,n,green,y,Santa Cruz,Santa Cruz,7 Bridges,,Cary,"325 A River St. Santa Cruz, CA 95060",Mick,30,30,,30,,,,,,,,
36.583622,-121.8389816,silver,n,silver,n,Monterey,Monterey,A Taste of Monterey,,Ken,"700 Cannery Row kk, Monterey, CA 93940",Mick,50,50,,56,,,,,,,,
36.55571,-121.919591,,,,,Carmel,Monterey,Affina,,,"6th Avenue, Carmel, CA 93923",,,,,56,,,,,,,,
36.554676,-121.920925,silver,n,silver,n,Carmel - ByTheSea,Monterey,Albatross Ridge Tasting Room,,,"Mission St., Carmel, CA 93923",Mick,50,30,,56,,,,,,,,
36.964117,-122.003061,,,,,Santa Cruz,,Aldos ,,,"616 Atlantic Avenue, Santa Cruz, CA 95062",Bill,25,25,,,,,,,,,,
36.992418,-121.819392,green,y,green,y,Watsonville ,Santa Cruz,Alfaro Winery,winery,Mary Kay 728-5172,"420 Hames Rd  Watsonville, CA 95076",Bill,150,150,,56,,,,,,,,OPEN Sat./ Sun.
36.5291481,-121.8337173,silver,n,silver,n,Carmel,Monterey,All Saints Day School,,,"8060 Carmel Valley Rd, Carmel, CA 93923",Mick,50,50,NEED A CASE,5,,,,,,,,
37.012045,-122.193056,green,y,green,y,Davenport,Santa Cruz,Alta Organic Coffee & Tea,,Patti,"133 Marine View Dr. Davenport, CA 95017",CPL,50,47,,47,,,,,,,,"Delivery ALL boxes on first run, North Coast run = 2.5 hrs"
36.599312,-121.894882,silver,n,silver,n,Monterey,Monterey,Alvarado St. Brewing,,,"426 Alvarado Street, Monterey, CA 93940",Mick,75,47,,56,,,,,,,,
36.979569,-122.011711,green,n,green,y,Santa Cruz,Santa Cruz,Amoureuse,,Sally,"1119 Soquel Ave, Santa Cruz, CA 95062",Mick,25,25,,20,,,,,,,,
36.902447,-121.762611,green,y,green,y,Watsonville ,Santa Cruz,Annie Glass,,,"310 Harvest Drive Watsonville, CA 95076",Bill,75,75,,56,,,,,,,,
36.974846,-122.026009,green,n,green,y,Santa Cruz,Santa Cruz,Annie Glass,,Violet,"110 Cooper St, Santa Cruz, CA 95060",Mick,50,47,,56,,,,,,,,
36.987675,-121.836831,silver,n,silver,n,Aptos,Santa Cruz,Aptos Landscape Supply,,,"5035 Freedom Blvd, Aptos, CA 95003",Bill,100,100,,56,,,,,,,,
36.651,-121.88,black,n,black,y,Pacific Grove,Monterey,Aqua Terra,,,,,,,,,,,,,,,,
36.618126,-121.902122,green,n,green,y,Monterey,Monterey,Aquarium Office,,Sharon??,"886 Cannery Row, Monterey, CA 93940",Mick,50,47,,56,,,,,,,,
36.652,-121.88,black,n,black,y,Aptos,Santa Cruz,Armtage WInes Tasting Room,Winery,Brandon Armitage,"105c Post Office Dr., Aptos 95003",Bill,,,,,,,,,,,"706-6601 cell, 708-2874",
37.059354,-122.007736,silver,n,silver,n,Santa Cruz Mntns,Santa Cruz,Ashby Confections,,Jennifer,"16 C Victor Square, Scotts Valley 95066",Mick,50,30,,30,,,,,,,,
36.6192723,-121.935729,silver,n,silver,n,Pacific Grove,Monterey,Asilomar/Pheobe's Cafe,,,"800 Asilomar Ave, Pacific Grove, CA 93950",Mick,50,,,56,,,,,,,,
36.5501099,-121.9243774,silver,n,silver,n,Carmel - ByTheSea,Monterey,Aubergine,,,"Montee Verde, Carmel, CA 93921",Mick,50,30,,56,,,,,,,,
36.5338902,-121.8492405,silver,n,silver,n,Carmel - Mouth,Monterey,Baja Cantina,,,"7174 Carmel Valley Rd, Carmel, CA 93923",Mick,50,35,,35,,,,,,,,
36.675619,-121.654114,,y,,y,Salinas,Monterey,Bakery Station,,,"202 Monterey Street, Salinas, CA 93901",Mick,50,47,,,,,,,,,,
36.995194,-121.954575,silver,y,silver,n,Soquel,Santa Cruz,Bargetto Winery,Winery,,"3535 N Main St, Soquel, CA 95073",Bill,50,50,remove,50,,,,,,,,
36.5569,-121.9218216,red,y,green,y,Carmel,Monterey,Basil's,,Soerke,"San Carlos St, Carmel, CA 93921",Mick,150,47,,56,40,2 cases,,,,,,
36.962761,-121.965477,silver,n,silver,n,Santa Cruz,Santa Cruz,Bauman College,,,3912 Portola Dr.,Mick,30,30,,30,,,,,,,,
36.6006622,-121.8934555,silver,n,silver,n,Monterey,Monterey,Bay of Pines,,,"150 Del Monte Ave, Monterey, CA 93940",Mick,10,47,closed for the winter,,,,,,,,,CLOSED MONDAYS
37.042217,-122.149704,green,n,green,y,North Coast,Santa Cruz,Beauregard Vineyards,Winery,Heather,"10 Pine Flat Road, Bonny Doon 95061",?,25,25,,,,,,,,,,Coord delivery with tasting room
36.699,-121.879,silver,n,silver,n,Carmel,Monterey,Bee Bark & Moss,,Phillip,"PO Box 3666, Carmel, CA 93921",,0,,,,,,,,,,,thurs market
36.4992931,-121.7540147,silver,n,silver,n,Carmel Valley,Monterey,Bernardus Lodge,,,"415 W. Carmel Valley Rd.,Carmel Valley, CA 93924",Sarah,150,150,,CLOSED FOR THE WINTER,,,,,,,,
36.4790102,-121.7308478,silver,n,silver,n,Carmel Valley,Monterey,Bernardus Tasting room,,,"5 W. Carmel Valley Rd, Carmel Valley, CA",Sarah,50,50,,56,,,,,,,,
36.976109,-122.028778,silver,n,silver,n,Santa Cruz,Santa Cruz,Beyond the Box Kitchens,,Cyndi,"1001 Center St, Santa Cruz, CA 95060",Mick,150,47,,56,,,,,,,,
36.235683,-121.769104,silver,n,silver,n,Big Sur,Monterey,Big Sur Bakery,,,"47540 California 1, Big Sur, CA 93920",Sarah,50,50,,50,,,,,,,,
36.26442,-121.800682,silver,n,silver,n,Big Sur,Monterey,BIG SUR ROADHOUSE,,,"47080 California 1, Big Sur, CA 93920",Sarah,50,50,,50,,,,,,,,"Delivery ALL boxes on first run, Big Sur run = 6 hrs"
36.653,-121.88,black,y,black,y,Salinas,Monterey,Blade Tech,,Sean Joseph,"919 Juniper Way Salinas, CA",Mick,200,94,,224,,,,,,,,
36.986874,-122.031929,silver,y,silver,n,Santa Cruz,Santa Cruz,Bocci's Cellar,,,"140 Encinal St, Santa Cruz, CA 95060",Mick,25,,,,,,,,,,,
36.6005936,-121.868042,silver,n,silver,n,Monterey,Monterey,Bodyworx,,," 2024 Del Monte Ave, Monterey, CA 93940",,,,,,,,,,,,,
36.646244,-121.6665421,silver,n,silver,n,Salinas,Monterey,Bokay Nursery,,,"30 Hitchcock Rd. (Hitchcock is off 68, between The Farm and Zephs, same side)",Mick,50,47,,,,,,,,,,
37.011066,-122.194443,silver,n,silver,n,Davenport,Santa Cruz,Bonny Doon Tasting Room,,,"450 Cabrillo Hwy, Davenport, CA 95017",CPL,25,25,,25,,,,,,,,
36.97559,-122.026558,silver,n,silver,n,Santa Cruz,Santa Cruz,Bookshop S.C.,,,"1520 Pacific Ave, Santa Cruz, CA 95060",Mick,100,30,,30,,,,,,,,
36.6143074,-121.841835,silver,n,silver,n,Seaside,Monterey,Bottoms Up Brew Supply,,,"1143 Echo Ave #2, Seaside, CA 93955",Mick,10,,,,,,,,,,,
37.125285,-122.122145,,,,,Santa Cruz,,Boulder Creek Pizza and Pub,,,"13200 State Route 9, Boulder Creek, CA 95006",Mick,50,,,56,,,,,,,,
36.6102371,-121.8993073,silver,y,silver,n,Monterey,Monterey,Bright Coffee/Lilify,,,"281 Lighthouse Ave, Monterey, CA 93940",Mick,50,47,,56,,,,,,,,
36.655,-121.88,black,n,black,y,Event,Santa Cruz,BSF&W,,,,,,,,,,,,,,,,
36.937767,-121.77674,silver,n,silver,n,Watsonville ,Santa Cruz,California Grill,,Lindsey,"1970 Freedom Blvd. ste. A Freedom, CA 95076",Bill,100,100,,100,,,,,,,,
36.615619,-121.900957,,,,,,Monterey,Cannery Row Brewing,,,"95 Prescott Avenue, Monterey, CA 93940",,,,,56,,,,,,,(831) 643-2722,
36.6156346,-121.9008677,silver,n,silver,n,Monterey,Monterey,Cannery Row Brewing Co.,,,"95 Prescott Ave., Monterey, CA 93940",Mick,75,,,56,,,,,,,,
36.972015,-122.023979,green,y,green,y,Santa Cruz,Santa Cruz,Cardamom Tuesday,,Naomi,"504 A Front St. Santa Cruz, CA 95060",Mick,50,30,,30,,,,,,,,deliver to Front Street Kitchen
36.5630989,-121.9218826,green,y,green,y,Carmel,Monterey,Carmel Belle,,,"Doud Craft Studios,, San Carlos St, Carmel, CA 93923",Mick,100,47,,112,,,,,,,,
36.555237,-121.920788,green,n,green,y,Carmel,Monterey,Carmel Farmers Market,,Jan/Coleen,"Mission St. and Ocean Ave, Thursday's 10am to 2pm",,50,94,,,,,,,,,,thurs market
36.5405669,-121.9058432,green,n,green,y,Carmel,Monterey,Carmel Kitchens & Bath,,,"26386 Carmel Rancho Ln Ste 104, Carmel, CA 93923",Mick,50,25,,25,,,,,,,,
36.5419121,-121.8968201,silver,n,silver,n,Carmel - Mouth,Monterey,Carmel Middle School,,,"4380 Carmel Valley Rd, Carmel, CA 93923",Shelby,50,20,,,,,,,,,,
36.698,-121.878,,,,,Monterey ,Carmel ,Carmel Reality,,,,,25,,,,,,,,,,,
36.480493,-121.735013,,,,n,Carmel Vally,Monterey ,Carmel Valley Library,,,"65 West Carmel Valley Road, Carmel Valley, CA 93924",,,,,56,,,,,,,,
36.5144288,-121.7967946,silver,y,silver,n,Carmel Valley,Monterey,Carmel Valley Ranch,,,"One Old Ranch Rd, Carmel, CA 93923",,,,,56,56,,,,,,,
36.4785576,-121.729187,silver,n,silver,n,Carmel Valley,Monterey,Carmel Valley Video,,,"10 E Carmel Valley Rd, Carmel Valley, CA 93924",Mick,50,,,,,,,,,,,
36.98167,-121.910027,green,n,green,y,Aptos,Santa Cruz,Carried Away,,Tran/Tom,"7564 Soquel Dr, Aptos, CA 95003",Bill,50,50,,50,,,,,,,,
37.032525,-121.946981,silver,n,silver,n,Soquel,Santa Cruz,Casalegno's,,,"3 Laurel Glen Rd, Soquel, CA 95073",Bill,30,30,,30,,,,,,,,
36.998913,-121.984795,silver,n,silver,n,Santa Cruz,Santa Cruz,Chaminade Restaurant,,,"1 Chaminade Ln, Santa Cruz, CA 95065",Mick,25,47,,46,,,,,,,,
36.979604,-122.011081,green,y,green,y,Seaside,Monterey,Charlie Hong Kong,,Carolyn,"1141 Soquel Ave, Santa Cruz, CA 95062",Mick,600,94,,112,112,,,,,,,
36.5288081,-121.8198301,silver,n,silver,n,Carmel Valley,Monterey,Chateau Julien,,,"8940 Carmel Valley Rd, Carmel, CA 93923",Mick,50,50,,56,,,,,,,,
36.4779527,-121.7288791,silver,n,silver,n,Carmel Valley,Monterey,Chesebro,,,"19 East Carmel Valley Road, Suite D, Carmel Valley, CA",Mick,50,,,25,,,,,,,,
36.4803734,-121.7323761,silver,n,silver,n,Carmel Valley,Monterey,Chock Rock Vineyard,,,"1 Del Fino Place, Carmel Valley, CA 93924",Mick,50,30,,56,,,,,,,,
36.5542221,-121.9092331,silver,n,silver,n,Carmel - ByTheSea,Monterey,CHS,,,"3600 Ocean Ave., Carmel, CA 93922",Shelby,50,,,,,,,,,,,
36.4779527,-121.7288791,green,n,green,y,Carmel Valley,Monterey,Cima Collina Tasting Room,,Jane,"19 E Carmel Valley Rd, Carmel Valley, CA 93924",Sarah,50,50,,56,,,,,,,,
37.089478,-122.090485,silver,y,silver,n,Santa Cruz Mntns,Santa Cruz,Coffee Nine,,,"9505 State Route 9, Ben Lomond, CA 95005",Mick,25,25,,30,,,,,,,,
36.964942,-122.041613,,,,,Santa Cruz,,Coffeetopia/Westside,,,"1723 Mission Street, Santa Cruz, CA 95060",Mick,25,,,30,,,,,,,,
36.976472,-121.985051,,,,,Santa Cruz,,Coffietopia/Live Oak,,,"1443 Capitola Road, Santa Cruz, CA 95062",Mick,25,,,25,,,,,,,,
36.963611,-121.968385,,,,,Santa Cruz,,Coffietopia/Portola,,,"3701 Portola Drive, Santa Cruz, CA 95062",Mick,25,,,30,,,,,,,,
36.961182,-122.047487,silver,n,silver,n,Westside,Santa Cruz,Companion Bakery,,Erin,"2341 Mission St, Santa Cruz, CA 95060",Mick,200,47,,56,40,,,,,,,
36.5414619,-121.9044342,silver,y,silver,n,Carmel,Monterey,Cornucopia Market,,Kari,"26135 Carmel Rancho Blvd, Carmel, CA 93923",Mick,50,47,,70,,,,,,,,???
36.911085,-121.758988,silver,n,silver,n,Watsonville ,Santa Cruz,Corralitos Market,,Ken 722-2633,"19 W Lake Ave, Watsonville, CA 95076",Bill,25,25,,10,,,,,,,,
37.15276,-122.342331,silver,n,silver,n,North Coast,Santa Cruz,Costanoa,,Sharon,"2001 Rossi Rd, Pescadero, CA 94060",CPL,250,250,,285,,,,,,,,
36.4813491,-121.7333537,silver,n,silver,n,Carmel Valley,Monterey,Cowgirl Winery,,,"25 Pilot Rd., Carmel Valley, CA 93924",Mick,50,50,,56,,,,,,,,
36.979543,-122.010993,silver,n,silver,n,Santa Cruz,Santa Cruz,Crepe Place,,Eric,"1134 Soquel Ave, Santa Cruz, CA 95062",CPL,50,47,,47,,,,,,,,
36.6528831,-121.7954649,silver,n,silver,n,Event,Monterey,CSUMB,,,"100 Campus Center, Seaside, CA 93955",Mick,100,,,,,,,,,,,"Is this the college, who delivers?"
36.478458,-121.732124,silver,n,silver,n,Carmel Valley,Monterey,CV Business Center,,,"13766 Center St.,Ste G-6 Carmel Valley, CA 93924",,,25,,25,,,,,,,,
36.5233813,-121.809403,silver,n,silver,n,Carmel Valley,Monterey,CV Roast Co.-Mid-Valley,,,"319 Mid-Valley Center, Carmel, CA 93923",Mick,50,50,,56,,,,,,,,
36.5365992,-121.9090189,silver,y,silver,n,Carmel - ByTheSea,Monterey,CV Roast-Crossroads,,,"246 Crossroads Blvd, Carmel, CA 93923",Mick,50,30,,50,56,,,,,,,
36.555102,-121.917141,silver,y,silver,n,Carmel - Mouth,Monterey,CV Roast-Ocean,,,"Ocean Ave., Carmel, CA 93922",Mick,50,47,,56,35,,,,,,,
36.5407687,-121.9071756,silver,y,silver,n,Carmel - Mouth,Monterey,CV Roasting-Barnyard,,,"3720 The BArnyard, Carmel, CA 93923",Mick,50,60,,80,56,,,,,,,
36.6204796,-121.9157715,silver,y,silver,n,Pacific Grove,Monterey,CV Roasting-Lighthouse,,,"510 Lighthouse Ave., Pacific Grove, CA 93950",Mick,50,47,,56,,,,,,,,
36.965395,-122.041467,green,y,green,y,Westside,Santa Cruz,Dark Horse Pottery,,Joel,"1642 Mission St. Santa Cruz, CA 95060",Mick,100,47,,40,,,,,,,,Deliver to SC Pottery on Mission
37.010803,-122.19384,silver,n,silver,n,Davenport,Santa Cruz,Davenport Roadhouse,,,"1 Davenport Ave, Davenport, CA 95017",CPL,50,47,,47,,,,,,,,
36.5630989,-121.9218826,silver,n,silver,n,Carmel - ByTheSea,Monterey,Dawn's Dream Tasting Room,winery,,"San Carlos Ave., Carmel, CA 93923",Mick,50,10,,56,,,,,,,,
36.218372,-121.748192,silver,n,silver,n,Big Sur,Monterey,Deetjen's,,,"48865 California 1, Big Sur, CA 93920",Sarah,50,50,,50,,,,,,,,
36.979546,-122.020363,green,n,green,y,Santa Cruz,Santa Cruz,DIG Gardens,,Cara,"420 Water St, Santa Cruz, CA 95060",Mick,50,47,,56,,,,,,,,
36.693,-121.873,,n,,,SUBS AND COMPS,Santa Cruz,Direct Mail ,,,SC ,Mick,455,455,,448,,,,,,,,
36.6054802,-121.9099121,silver,n,silver,n,Monterey,Monterey,DLI,,,"1759 Lewis Rd, Monterey, CA 93944",Mick,50,,SW will do,,,,,,,,,
36.7974689,-121.786108,silver,n,silver,n,Moss Landing,Monterey,Driftwood,,,"8071 Moss Landing Rd, Moss Landing, CA 95039",Mick,20,25,,20,,,,,,,,
36.5334014,-121.8471082,green,y,green,y,Carmel Valley,Monterey,Earthbound Farm Stand,,,"7250 Carmel Valley Rd, Carmel, CA 93923",Mick,600,141,,224,,,,,,,,
36.5984228,-121.8929565,silver,y,silver,n,Monterey,Monterey,East Village Coffee Lounge,,,"498 Washington St, Monterey, CA 93940",Mick,50,30,,,,,,,,,,
36.5630989,-121.9218826,silver,y,green,y,Carmel,Monterey,EcoCarmel,,Kristi,"San Carlos St, Carmel, CA 93923",Mick,150,94,,150,,,,,,,,
36.958935,-122.048477,silver,n,silver,n,Westside,Santa Cruz,El Salchichero,,Chris,"402 Ingalls St, Santa Cruz, CA 95060",CPL,100,47,,47,,,,,,,,
36.60225,-121.633575,,n,,,South County,Monterey,Elements,,,"275 River Court, Salinas, CA 93908",Mick,30,30,,30,,,,,,,,
36.968082,-122.008125,silver,y,silver,n,Santa Cruz,Santa Cruz,Engfer Pizza,,Liz,"537 Seabright Ave, Santa Cruz, CA 95062",CPL,25,25,,25,,,,,,,,
36.680191,-121.803635,silver,n,silver,n,Marina,Monterey,English Ales,,Karen/Peter,"223A Reindollar Ave., Maina, CA 93933",Mick,50,,,,,,,,,,,
36.6973381,-121.7948914,silver,y,silver,n,Pacific Grove,Monterey,Everyone's Harvest,,,"PO Box 1423, Marina, CA 93933",Mick,200,200,,280,,,,,,,,
36.923935,-121.757744,silver,n,silver,n,Watsonville ,Santa Cruz,Farm Bureau,,Jess 724-1356,"141 Monte Vista Ave. Watsonville, CA",Bill,25,25,,25,,,,,,,,
36.986538,-122.000977,silver,n,green,y,Seaside,Monterey,Farm Fuel Inc.,,Ellen,"621 Fairmount Ave. Santa Cruz, CA 95062",Mick,50,,,,,,,,,,,"off Morissey, leave on front porch of home"
36.975238,-122.026761,silver,n,green,y,Santa Cruz,Santa Cruz,Farm House Frosting,,Carren,"109 Locust St. Santa Cruz, CA 95060",Mick,50,47,,56,,,,,,,,one case at beginning
36.687,-121.867,silver,n,silver,n,South County,Monterey,Farmers Market-King City,,,Broadway Street between First and Second streets,Mick,,,,,,,,,,,,
36.688,-121.868,silver,n,silver,n,South County,Monterey,Farmers' Market-Soledad,,,"Front and Encinal streets, Soledad, CA 939",Mick,,,,,,,,,,,,Call contact person & arrange for delivery time & place
36.976898,-122.027039,silver,n,silver,N,Event,Santa Cruz,First Friday,,,Pacific Ave. Santa Cruz,Mick,,,,,,,,,,,,prioritize downtown locations deliver 3 times
36.959617,-122.049257,silver,n,silver,n,Westside,Santa Cruz,Fish Princess Farms,,Jeanie 402-0635,"817 Swift St. Santa Cruz, CA 95060",Mick,50,50,,30,,,,,,,,leave at WS Farm & Feed
37.02462,-121.934906,silver,n,silver,n,Soquel,Santa Cruz,Fogline Farms,Food,,"7447 Glen Haven Rd, Soquel, CA 95073",Bill,25,25,remove,25,,,,,,,,
36.98275,-121.969482,silver,n,silver,n,Santa Cruz,Santa Cruz,Foodsmith,,Jamie 480-2345,"2800 S Rodeo Gulch Rd, Santa Cruz, CA 95062",Mick,50,47,,40,,,,,,,,
36.69,-121.87,,n,,n,Boulder Creek,Santa Cruz,Foundre,,,,Mick,25,25,,25,,,,,,,,
36.5728416,-121.8070831,silver,n,silver,n,Monterey,Monterey,Francesca's Fresh,,,"9621 Citation Ct, Monterey, CA 93940",Mick,50,,,,,,,,,,,
36.5701617,-121.7585047,silver,n,silver,n,Salinas,Monterey,Fresh from D'Vine,,Jenni,"1115 Monterey-Salinas Hwy, Salinas, CA 93908",Mick,50,47,,CLOSED,,,,,,,,
36.564209,-121.9226608,silver,n,silver,n,Carmel - ByTheSea,Monterey,Galante Tasting Room,winery,,"Dolores St., Carmel, CA 93923",Mick,50,20,,10,,,,,,,,
36.5569,-121.9218216,silver,n,silver,n,Carmel,Monterey,Garden Variety Cheese,,,"Carmel Farmers Market-San Carlos St., Carmel, CA 93921",Mick,50,50,,56,,,,,,,,
36.978638,-121.952499,silver,n,silver,n,Capitola,Santa Cruz,Gayle's Bakery,,,"504 Bay Ave, Capitola, CA 95010",Mick,100,47,,56,56,,,,,,,
36.480629,-121.7344818,silver,n,silver,n,Carmel Valley,Monterey,Georis Winery Tasting Room,,,"4 Pilot Road, Camrel Valley, CA 93924",Mick,50,50,,,,,,,,,,
36.947544,-121.71283,silver,n,silver,n,Watsonville ,Santa Cruz,Gizdich Ranch,,Vince,"55 Peckham Rd, Watsonville, CA 95076",Bill,500,500,,504,,,,,,,,5 boxes to start
36.6756275,-121.6556943,silver,n,silver,n,Salinas,Monterey,Gold Leaf,,,"8 W. Gabilan Street, Salinas, CA 93901",Mick,30,30,,,,,,,,,,
36.981629,-122.030047,green,n,green,y,Santa Cruz,Santa Cruz,Great Infusions Co.,,Sebastian,"317 Potrero St, Santa Cruz, CA 95060",Mick,50,25,,25,,,,,,,,
36.958725,-122.04969,silver,n,silver,n,Santa Cruz,Santa Cruz,Greenspace,,Lydia,"719 Swift St, Santa Cruz, CA 95060",Mick,30,30,,46,,,,,,,,
36.8516769,-121.3976746,silver,n,silver,n,San Benito,San Benito,Grillin and Chillin Alehouse,,,"401 McCray St. B24, Hollister",Sarah,50,,,25,,,,,,,,
36.849678,-121.4024429,silver,n,silver,n,San Benito,San Benito,Grillin and Chillin Downtown,,,"650 San Benito St., Ste. 110, Hollister ",Sarah,50,,,,,,,,,,,
36.674503,-121.6537625,silver,n,silver,n,Salinas,Monterey,Growers Pub,,Dawn,"227 Monterey St, Salinas, CA 93901",,,,,,,,,,,,,
36.3832016,-121.3554916,green,n,green,y,South County,Monterey,Hahn,,,"37700 Foothill Road, Soledad, CA 93960",Mick,50,84,,112,,,,,,,,
37.050819,-122.077148,green,n,green,y,Santa Cruz Mntns,Santa Cruz,Hallcrest Vineyards,,John/Curtis,"379 Felton Empire Rd. Felton, CA 95018",Mick,50,50,,56,,,,,,,,
36.6184654,-121.9065323,green,y,green,y,Pacific Grove,Monterey,Happy Girl Kitchen,,Jordan/Todd,"173 Central Ave, Pacific Grove, CA 93950",Mick,650,47,,168,112,,,,,,,
36.6733131,-121.668457,silver,n,silver,n,Salinas,Monterey,Hartnell College,,,"411 Central Ave., Salinas, CA 93901",Mick,50,,,,,,,,,,,
36.6731438,-121.6051789,silver,n,silver,n,Salinas,Monterey,Hartnell College -E. Alsial Campus-Center for Applied Technologies,,,"1752 E Alisal Street Salinas, CA 93901",Mick,50,,,,,,,,,,,
36.7987747,-121.7863617,green,y,green,y,Moss Landing,Monterey,Haute Enchilada,,Kim,"7902 Moss Landing Rd, Moss Landing, CA 95039",Mick,250,94,,112,,,,,,,,
36.6057272,-121.9214134,green,n,green,y,Pacific Grove,Monterey,Health & Water Store,,Lisa Fritz,"1180 Forest Ave., Pacific Grove, CA 93950",Mick,50,47,,56,,,,,,,,
36.4808807,-121.7353134,silver,n,silver,n,Carmel Valley,Monterey,Heller,,Mary,"69 W Carmel Valley Rd, Carmel Valley, CA 93924",Sarah,50,50,,56,,,,,,,,
36.220726,-121.753929,silver,n,silver,n,Big Sur,Monterey,Henry Miller,,,"48603 California 1, Big Sur, CA 93920",Sarah,50,50,,30,,,,,,,,
36.979656,-121.907402,silver,y,silver,n,Aptos,Santa Cruz,Hidden Gardens Nursery,,688-7011,"7765 Soquel Dr., Aptos, CA 95003",Bill,50,50,,50,,,,,,,,
36.90934,-121.801239,silver,n,silver,n,Watsonville ,Santa Cruz,High Ground Organics,,Sarah/ Jean,"521 Harkins Slough Rd Watsonville, CA 95076",Bill,50,50,,50,,,,,,,,
37.004417,-122.024765,silver,n,silver,n,Santa Cruz Mntns,Santa Cruz,Hollin's House,,,"20 Clubhouse Rd, Santa Cruz, CA 95060",Mick,25,,,,,,,,,,,Pasatiempo
36.8519499,-121.4020197,silver,n,silver,n,San Benito,San Benito,Hollister Downtown Assoc,,,"455 San Benito St, Hollister, CA 95023",Sarah,25,,,25,,,,,,,,
36.4779527,-121.7288791,green,n,green,y,Carmel Valley,Monterey,Holman Tasting Room,,Nick,"19 E. Carmel Valley Road, Carmel Valley, CA 93924",Sarah,50,50,,56,,,,,,,,
36.691,-121.871,silver,n,silver,N,Event,Santa Cruz,Home & Garden Fair,,,,Mick,,,,,,,,,,,,"XX/YY2014 - Delivery is for STARTing DATE of the event, call contact to arrange details"
36.964397,-122.025952,silver,n,silver,n,Santa Cruz,Santa Cruz,Homeless Garden Project,,Darrie,"30 West Cliff Dr., Santa Cruz, CA 95060",Mick,50,,Christmas Store,56,,,,,,,,
37.165218,-122.35994,silver,n,silver,n,North Coast,Santa Cruz,Hwy 1 Brewery,,,"5720 Cabrillo Hwy, Pescadero, CA 94060",Mick,50,,,,,,,,,,,
36.5017057,-121.9370708,green,n,green,y,Big Sur,Monterey,Hyatt Carmel Highlands,,Randall,"120 Highlands Dr, Carmel, CA 93923",Sarah,200,200,,200,,,,,,,,150 hk/1 cs concierge
36.5926842,-121.8770429,silver,n,silver,n,Monterey,Monterey,Hyatt Monterey,,Walter,"1 Old Golf Course Rd, Monterey, CA 93940",Mick,550,550,,500,,,,,,,,550 rooms
36.6167437,-121.9008234,silver,n,silver,n,Monterey,Monterey,Inter-Continental,,,"750 Cannery Row, Monterey, CA 93940",,,,,56,,,,,,,,
36.955063,-122.050285,silver,y,silver,n,Santa Cruz,Santa Cruz,Iveta,,John/Danielle,"2125 Delaware Ave. Ste F, Santa Cruz 95060",Mick,50,47,,40,,,,,,,,
36.966896,-122.002022,green,n,green,y,Seaside,Monterey,Johnny's Harborside,,Sheri,"493 Lake Ave. Santa Cruz, CA 95062",CPL,50,50,,50,30,,,,,,,
36.978073,-121.953507,silver,y,silver,n,Capitola,Santa Cruz,Jones & Bones,,Jennifer,"621 Capitola Ave., Capitola CA 95010",Mick,50,47,,56,,,,,,,,
36.6057272,-121.9214134,silver,n,silver,n,Pacific Grove,Monterey,Julia's,,Michael,"1180 Forest Ave #F, Pacific Grove, CA 93950",Mick,50,47,,56,,,,,,,,ONLY OPEN THURS-SUN
36.979643,-121.952901,black,n,black,y,Capitola,Santa Cruz,Just Cake,,,"712 Capitola Ave, Capitola, CA 95010",Mick,,,,,,,,,,,,
36.6185964,-121.9036887,silver,n,silver,n,Pacific Grove,Monterey,Kai Lee Creamery,,,"125 Ocean View Blvd #128,, Pacific Grove, CA 93950",Mick,50,47,please deliver here ,56,,,,,,,,
36.972564,-122.025619,silver,y,silver,n,Santa Cruz,Santa Cruz,Kiosk Downtown Association,,,"1130 Pacific Avenue K2 Santa Cruz, CA 95060",Mick,300,94,,112,112,,,,,,,
36.987434,-122.039825,silver,n,silver,n,Santa Cruz,Santa Cruz,Kirby School,,Mara,"425 Encinal St., Santa Cruz, CA 95060",Mick,50,,,,,,,,,,,
36.961289,-121.981155,silver,n,silver,n,Santa Cruz,Santa Cruz,KSCO,,John Sandidge,"2300 Portola Drive, Santa Cruz, CA 95062",Mick,20,,,40,,,,,,,,Twin Lakes radio station
36.5640488,-121.9200821,green,y,green,y,Carmel,Monterey,La Balena,,Anna/Emanuele,"Junipero St, Carmel, CA 93923",Mick,100,47,,30,,,,,,,,
36.6197968,-121.91539,silver,n,silver,n,Pacific Grove,Monterey,La Creme/Crema,,Tamie,"481 Lighthouse Ave, Pacific Grove, CA 93950",Mick,100,47,,56,,,,,,,,
36.968197,-122.007469,green,n,green,y,Seaside,Monterey,La Posta,,Patrice,"538 Seabright Ave. Santa Cruz, CA 95062",Mick,20,20,,15,,,,,,,,
36.958877,-122.04639,silver,y,silver,n,Westside,Santa Cruz,La Sirena Antiques,,Kim,"328 D Ingalls St. Santa Cruz, CA 95060",Mick,55,30,,39,,,,,,,,
36.5408559,-121.9071621,silver,y,silver,n,Carmel - Mouth,Monterey,Lafayette Bakery,,,"3659 The Barnyard Suite E22, Carmel, CA 93923",Mick,50,47,,56,35,,,,,,,
36.975078,-122.026288,green,y,green,y,Santa Cruz,Santa Cruz,Laili,,Ali,"101 Cooper St, Santa Cruz, CA 95060",Mick,100,47,,40,,,,,,,,
36.5550897,-121.9226801,green,n,green,y,Carmel,Monterey,Le St. Tropez/Jardin,,Jean/Mary,"Dolores Street and Ocean Ave, Carmel, CA 93921",Mick,50,47,,30,,,,,,,,
36.989914,-121.955223,green,y,green,y,Soquel,Santa Cruz,Let's Cook!,,Patricia,3121 N. Main St. Soquel,Bill,50,50,,50,,,,,,,,
36.981491,-121.784256,green,n,green,y,Watsonville ,Santa Cruz,Live Earth Farm,,,"172 Litchfield Ln, Watsonville, CA 95076",Bill,250,250,,280,,,,,,,,
36.6130943,-121.9119797,green,n,green,y,Monterey,Monterey,Local Catch/Real Good Fish,,Alan Lovewell,"1201 David Ave, Monterey 93950",Mick,50,47,,56,,,,,,,,
36.4787574,-121.7321319,green,n,green,y,Carmel Valley,Monterey,Lokal,,,"13762 Center St, Carmel Valley, CA 93924",Mick,50,,,56,,,,,,,,
36.583622,-121.8389816,silver,n,silver,n,Monterey,Monterey,LouLou's Griddle,,,"Municipal Wharf 2, Monterey, CA 93940",Mick,25,,,,,,,,,,,
37.074623,-121.980362,silver,n,silver,n,Santa Cruz Mntns,Santa Cruz,Love Apple Farm,,Katherine,"2317 Vine Hill Rd, Santa Cruz, CA 95065",Mick,50,,,,,,,,,,,
36.536813,-121.908948,,,,,,Carmel,Lula's Chocolates,,,"244 Crossroads Blvd, Carmel, CA",,,,,30,,,,,,,(831) 626-3327,
36.696,-121.876,,,,,,Carmel,Lula's Chocolates,,,"7th Avenue, Carmel, CA",,,,,30,,,,,,,,
36.971572,-122.025776,green,n,green,y,Santa Cruz,Santa Cruz,Lupulo,,Stuyvie,"233 Cathcart St., Santa Cruz 95060",Mick,100,47,,56,,,,,,,,
36.554232,-121.920866,green,n,green,y,Carmel,Monterey,Madrigal,,,"7th Ave. @ Ocean, Carmel Plaza, Carmel, CA 93923",Mick,50,50,,50,,,,,,,,
37.051533,-122.068989,silver,n,silver,n,Santa Cruz Mntns,Santa Cruz,Mama Mia,,,"6231 Graham Hill Rd, Felton, CA 95018",Mick,25,25,remove,30,,,,,,,,
36.978412,-121.952711,silver,n,silver,n,Capitola,Santa Cruz,Many Hands Gallery,,Catrin/ Lauren,"510 Bay Ave. Capitola, CA 95010",Mick,150,47,,56,,,,,,,,
36.4757195,-121.46772,silver,n,silver,n,River Road,Monterey,Manzoni,,,"30981 River Road, Soledad, CA 93960",Mick,50,47,,56,,,,,,,,
36.5630989,-121.9218826,silver,n,silver,n,Carmel - ByTheSea,Monterey,Manzoni new tasting room,winery,,"San Carlos Ave., Carmel, CA 93923",Mick,50,25,,20,,,,,,,,
36.970013,-121.964971,silver,y,silver,n,Capitola,Santa Cruz,Marriott,,Jon,"1255 41st Ave, Capitola, CA 95010",Mick,25,25,,,,,,,,,,half case
36.6099586,-121.853157,silver,n,silver,n,Seaside,Monterey,MARTINS IRRIGATION,,,"420 Olympia Ave., Seaside, CA 93955",Mick,50,50,,56,,,,,,,,
36.5419121,-121.8968201,silver,n,silver,n,Carmel - Mouth,Monterey,MEarth Habitat-Teachers Lounge,,,"4380 Carmel Valley Rd, Carmel, CA 93923",,10,,,,,,,,,,,
36.694,-121.874,,,,,,,MeLinda's,,,41st Ave Capitola ,Mick,25,,,25,,,,,,,,
36.704408,-120.858776,black,n,black,y,Out of Area,Out of Area,Mercey Hot Springs,,Larry Ronneberg,"62964 Little Panoche Rd. Firebaugh, CA 93622",,,,,,,,,,,,209-826-3388,
36.979337,-122.011577,silver,y,silver,n,Santa Cruz,Santa Cruz,Midtown Cafe,,Zack,"1121 Soquel Ave, Santa Cruz, CA 95062",Mick,50,47,,56,,,,,,,,
36.5992241,-121.8971481,silver,n,silver,n,Monterey,Monterey,MIIS,,,"460 Pierce St, Monterey, CA 93940",Mick,50,,,,,,,,,,,
37.04929,-122.015205,silver,n,silver,n,Santa Cruz Mntns,Santa Cruz,Mint,,,"4652 Scotts Valley Dr, Scotts Valley, CA 95066",Mick,25,25,,30,,,,,,,,
36.583622,-121.8389816,silver,n,silver,n,Monterey,Monterey,Monterey Abalone,,,"Municipal Wharf 2, Monterey, CA 93940",Mick,25,25,,,,,,,,,,
36.583622,-121.8389816,silver,n,silver,n,Monterey,Monterey,Monterey Fish Co.,,,"Municipal Wharf 2, Monterey, CA 93940",Mick,25,47,,,,,,,,,,
36.6124132,-121.8981432,silver,n,silver,n,Monterey,Monterey,Monterey Plaza/Spa & Scooners?,,,"400 Cannery Row, Monterey, CA 93940",,,,,56,,,,,,,,
36.8267517,-121.506546,green,n,green,y,San Benito,San Benito,Morris Grassfed,,,"500 Mission Vineyard Road, San Juan Bautista, California 95045",Sarah,50,,,56,,,,,,,,
37.089825,-122.091217,green,n,green,y,Santa Cruz Mntns,Santa Cruz,Mountain Feed,,Jorah/Andi,"9550 State Route 9, Ben Lomond, CA 95005",Mick,150,47,,112,,,,,,,,
36.5943331,-121.8857957,silver,n,silver,n,Monterey,Monterey,MPC-Farmers' Market,,Cathy/Kay,"930 Fremont Blvd., Monterey, CA 93940",,,,,,,,,,,,,
36.721349,-121.787301,black,n,black,y,Marina,Monterey,MRWMD Mont. Regional Waste Mngmt District,,,"14201 Del Monte Blvd, Marina, CA 93933",,,,,,,,,,,,,NO DELIVERIES HERE 
36.5394592,-121.9055786,silver,y,silver,n,Carmel,Monterey,Mundaka,,,"7th AVE San Carlos St, Carmel, CA 93921",Mick,50,47,,50,,,,,,,,
36.221889,-121.759155,silver,n,silver,n,Big Sur,Monterey,Nepenthe,,,"48510 California 1, Big Sur, CA 93920",Sarah,50,50,,50,,,,,,,,
36.025753,-121.535945,silver,n,silver,n,Big Sur,Monterey,New Camaldoli Hermitage,,,"62475 Coast HWY 1 at Lucia, Big Sur, CA 93920",Shelby,50,70,,,,,,,,,,
37.468918,-122.43232,green,n,green,y,North Coast,Santa Cruz,New Leaf,,Lonnie Handel,"150 San Mateo Rd, Half Moon Bay, CA 94019",Mick,50,47,,56,,,,,,,,drop off at the home office DT
36.95929,-122.046295,green,y,green,y,Westside,Santa Cruz,New Leaf,,Kelly,"1101 Fair Ave, Santa Cruz, CA 95060",Mick,300,141,,112,56,,,,,,,
36.971909,-122.024277,green,n,green,y,Santa Cruz,Santa Cruz,New Leaf Head office,,Sarah Owens,"1101 G Cathcart St. Santa Cruz, CA 95060",Mick,15,5,,5,,,,,,,,only 10 plus case for HMB labeled
36.969029,-121.963478,green,n,green,y,Capitola,Santa Cruz,New Leaf Market,,,"1210 41st Ave. Capitola, CA 95010",Mick,350,141,,112,56,,,,,,,
36.972871,-122.025706,green,y,green,y,Santa Cruz,Santa Cruz,New Leaf Pacific,,Kelly,"1134 Pacific Ave. Santa Cruz, CA 95060",Mick,250,187,,56,56,,,,,,,
37.12487,-122.122536,green,n,green,y,Santa Cruz,Santa Cruz,New Leaf-Boulder Creek,,,"13159 Hwy 9 Boulder Creek, CA 95006",Mick,100,,,56,,,,,,,,
37.051987,-122.072609,green,y,green,y,Santa Cruz,Santa Cruz,New Leaf-Felton,,,"6240 Hwy 9 Felton, CA 95018",Mick,250,94,,168,,,,,,,,
37.005425,-121.840057,silver,n,silver,n,Watsonville ,Santa Cruz,Nicholson Vineyards,,Marguerite & Brian 724-7071,"2800 Pleasant Valley Freedom, CA 95076",Bill,50,50,,50,,,,,,,,
36.538002,-121.909189,black,n,black,y,Carmel - Mouth,Monterey,Nothing Bundt Cakes,,,"102 Crossroads Blvd, Carmel, CA 93923",Mick,,25,,56,,,,,,,,
36.537666,-121.909122,black,n,black,y,Carmel - Mouth,Monterey,O Salon,,,"139 Crossroads Blvd, Carmel, CA 93923",Mick,,25,,30,,,,,,,,
36.961175,-122.047507,silver,n,silver,n,Santa Cruz,Santa Cruz,Odonata Wines,,Dennis,"2343 Mission St, Santa Cruz, CA 95060",Mick,45,30,remove,25,,,,,,,,
36.6742053,-121.6546784,silver,n,silver,n,Salinas,Monterey,Oldthown Marketplace,,Jessica,"10B Mid-Town Lane, Salinas, CA 93901",Mick,50,47,,,,,,,,,,saturday- take box
36.961693,-122.022323,silver,n,silver,n,Santa Cruz,Santa Cruz,Olitas,,Steve,"49 Municipal Wharf, Santa Cruz, CA 95060",Mick,30,,,,,,,,,,,
36.5559807,-121.9109116,silver,y,silver,n,Carmel - ByTheSea,Monterey,Outside Library,,,"Ocean Ave., Carmel, CA 93923",Mick,100,47,Raining didn't want too many to get ruined,30,35,,,,,,,
36.556915,-121.917005,silver,y,silver,n,Carmel - ByTheSea,Monterey,Outside Photo Shop (Green's Cameraworld),,,"5th Ave., Carmel, CA 93923",Mick,100,47,Raining didn't want too many to get ruined,20,,,,,,,,
36.5961685,-121.8954926,silver,n,silver,n,Monterey,Monterey,P-L-Hartnell,,Heather,"539 Hartnell St, Monterey, CA",,,,,,,,,,,,,
36.5776024,-121.8215256,silver,n,silver,n,Monterey,Monterey,P-L-Ryan Ranch,,see Hartnell,"40 Ragsdale Dr, Ste 100, Monterey, CA 93940",Mick,50,,,,,,,,,,,
36.978638,-121.952499,green,y,green,y,Capitola,Santa Cruz,Pacific Trading Co.,,Anandi,"504 Bay Ave, Capitola, CA 95010",Mick,50,0,,35,,,,,,,,
36.97369,-122.025673,green,n,green,y,Santa Cruz,Santa Cruz,Pacific Trading Co.,,Anandi,"1224 Pacific Ave. Santa Cruz, CA 95060",Mick,50,47,,56,,,,,,,,
36.952191,-121.876647,silver,n,silver,n,Aptos,Santa Cruz,Palapas,,Hanne/ Don,"21 Seascape Blvd, Aptos, CA 95003",Bill,25,25,,25,,,,,,,,
36.4795227,-121.7322693,green,n,green,y,Carmel Valley,Monterey,Paradise Catering,,Jon/Nancy,"24 W Carmel Valley Rd, Carmel Valley, CA 93924",,,,,,,,,,,,,distrib
36.3626137,-121.3536606,silver,n,silver,n,River Road,Monterey,Paraiso,,,"38060 Paraiso Springs Road, Soledad, CA 93960",Mick,50,84,,56,,,,,,,,
36.594749,-121.893174,,n,,,Monterey,Monterey,Parker-Lusseau Pastries,,,"731 Munras Avenue, Monterey, CA 93940",Mick,50,50,,56,,,,,,,,
36.5948655,-121.8931791,silver,n,silver,n,Monterey,Monterey,Parker-Lusseau-Munras,,Yann/Anne,"731 Munras Ave, Monterey, CA 93940",Mick,50,50,,56,,,,,,,,
36.4779527,-121.7288791,silver,n,silver,n,Carmel Valley,Monterey,Parsonage,,,"19 E Carmel Valley Rd, Carmel Valley, CA 93924",Mick,50,50,,56,,,,,,,,
36.6222992,-121.9211197,green,n,green,y,Pacific Grove,Monterey,Passionfish,,,"701 Lighthouse Ave, Pacific Grove, CA 93950",Mick,50,47,,40,,,,,,,,
36.6201553,-121.9180069,silver,n,silver,n,Pacific Grove,Monterey,Pavel's Bakerei,,,"219 Forest Ave, Pacific Grove, CA 93950",Mick,50,50,,35,,,,,,,,
36.611101,-121.9377306,silver,n,silver,n,Pebble Beach,Monterey,Pebble Beach Office,,,"2790 17-Mile Drive,Pebble Beach, CA 93953",Sarah,6,,,10,,,,,,,,
36.963862,-121.964845,silver,y,silver,n,Capitola,Santa Cruz,Penny Ice Creamery,,Zach/Evan,"820 41st Avenue, Santa Cruz, CA 95062",Mick,250,47,,56,,,,,,,,
36.974754,-122.027809,silver,y,silver,n,Santa Cruz,Santa Cruz,Penny Ice Creamery,,Zach/Evan,"913 Cedar St, Santa Cruz, CA 95060",Mick,150,80,,56,,,,,,,,
36.6676815,-121.6747709,green,y,green,y,Salinas,Monterey,Perfectly Pressed Juice Bar,,Monica Berriz,"961 W. Alisal Street, Salinas, CA 93901",Mick,50,47,,,,,,,,,,
36.695,-121.875,,,,,,,Perfectly Pressed Juice Bar,,,Fremont Sand City,Mick,50,,,56,,,,,,,,
36.4778562,-121.4813977,silver,n,silver,n,River Road,Monterey,Pessagno,,,"1645 River Rd. Salinas, CA 93908",Mick,50,47,,56,,,,,,,,
36.978733,-121.952828,green,y,green,y,Capitola,Santa Cruz,Petite Provence,,Veronique,"506 Bay Ave. Capitola, CA 95010",Mick,50,30,,35,,,,,,,,
36.7459984,-121.7715912,silver,y,silver,n,Castroville,Santa Cruz,Pezzini,,Sean,"460 Nashua Road (Just off HWY 1), Castroville, CA 95012",Bill,200,141,,168,,,,,,,,
36.6220699,-121.9164024,silver,n,silver,n,Pacific Grove,Monterey,PG Library,,,"550 Central Ave, Pacific Grove, CA 93950",Mick,50,,,,,,,,,,,
36.964211,-122.023361,silver,n,silver,n,Westside,Santa Cruz,Picnic Basket,,Zach/Evan,"125 Beach St, Santa Cruz, CA 95060",CPL,150,47,,50,25,,,,,,,
37.130089,-122.312072,silver,n,silver,n,North Coast,Santa Cruz,Pie Ranch,,Nancy/ Kelly,"2080 Cabrillo Hwy, Pescadero, CA 94060",CPL,150,141,,168,,,,,,,,
36.964945,-122.041702,silver,n,silver,n,Santa Cruz,Santa Cruz,Pizzaria Avanti,,Jeremy,"1717 Mission St. Santa Cruz, CA 95060",Mick,30,25,remove,30,,,,,,,,
36.982952,-121.827667,silver,n,silver,n,Watsonville ,Santa Cruz,Pleasant Valley Vineyards,,Craig & Cathy 288-0074,"600 Pleasant Valley Freedom, CA 95076",Bill,15,15,,15,,,,,,,,
36.6339447,-121.9318975,silver,y,silver,n,Pacific Grove,Monterey,Point Pinos Grill,,Diane,"79 Asilomar Blvd, Pacific Grove, CA 93950",Mick,150,47,,80,,,,,,,,they go thru alot
36.601799,-121.8951492,green,n,green,y,Monterey,Monterey,Portola Hotel,,,"2 Portola Plaza, Monterey, CA 93940",Mick,50,250,,300,,,,,,,,concierge & rooms 379
36.6120033,-121.8501129,silver,n,silver,n,Seaside,Monterey,Post No Bills,,,"600 Ortiz Ave, Sand City, California 93955",Mick,50,30,,56,,,,,,,,see EVENTS
36.2312202,-121.7702713,green,n,green,y,Big Sur,Monterey,Post Ranch,,,"47900 State Highway 1, Big Sur, CA 93920",Sarah,50,50,,112,,,,,,,,
36.988747,-121.954383,silver,n,silver,n,Soquel,Santa Cruz,Potager,,Greg,4904 Soquel Dr.,Bill,100,47,remove,0,,,,,,,,
36.4637947,-121.450882,silver,n,silver,n,River Road,Monterey,Puma,,,"32720 River Road, Soledad, CA 93960",Mick,50,47,,56,,,,,,,,
36.48035,-121.7343226,green,n,green,y,Carmel Valley,Monterey,Quail & Olive,,Deb,"3 Pilot Rd, Carmel Valley, CA 93924",Sarah,50,50,,56,,,,,,,,
36.532395,-121.850969,,,,,Carmel,Monterey ,Quail Lodge and Golf,,,"8205 Valley Greens Drive, Carmel, CA 93923",Mick,150,,,168,,,,,,,,
36.586586,-121.8529892,silver,n,silver,n,Monterey,Monterey,Rector Chiropractic,,,"2511 Garden Rd c100, Monterey, CA 93940",,,25,,,,,,,,,,
36.8515818,-121.4412282,silver,n,silver,n,San Benito,San Benito,Relax! Grillin & Chilllin,,,"3650 San Juan Road, Hollister",Sarah,50,,,56,,,,,,,,
36.6002197,-121.8944702,silver,n,silver,n,Monterey,Monterey,Restaurant 1833,,,,Mick,0,,,25,,,,,,,,ON VACATION UNTIL 3/18
36.648,-121.88,black,n,black,y,Westside,Santa Cruz,ReStore - Habitat for Humanity,,,Swift St.,Mick,30,30,,30,,,,,,,,
36.963181,-122.04258,silver,n,green,y,Westside,Santa Cruz,Ristorante Avanti,,Paul/ Cindy,"1917 Mission St  Santa Cruz, CA 95060",Mick,50,50,,30,30,,,,,,,
36.403018,-121.909468,black,n,black,y,Big Sur,Monterey,Rocky Point Restaurant,,,"36700 California 1, Carmel, CA 93923",Sarah,200,200,,$150.00,,,,,,,,
36.973499,-122.025886,,,,,Santa Cruz,Santa Cruz,Rosie McCann's,,,"1220 Pacific Avenue, Santa Cruz, CA 95060",Mick,50,,,56,,,,,,,,
36.960667,-122.0466,silver,n,silver,n,Santa Cruz,Santa Cruz,Route 1 Farms,,Jasmine,"1305 Fair Ave. #2 Santa Cruz, CA 95060",Mick,100,100,,112,,,,,,,,
36.65,-121.879,black,n,black,y,Santa Cruz,Santa Cruz,Rug Wallah,,Ralph Calieno,1344 Pacific Ave. #219 Santa Cruz 95060,Mick,25,,,,,,,,,,588-1399,
36.8479691,-121.4024963,silver,n,silver,n,San Benito,San Benito,Running Rooster,,,"800 San Benito St., Hollister",Sarah,50,,,0,,,,,,,,
36.6750412,-121.6554871,silver,n,silver,n,Salinas,Monterey,Salinas 411,,,"222 Main Street, Salinas, CA 93901",Mick,50,50,,,,,,,,,,
36.6543617,-121.6613846,green,n,green,y,Salinas,Monterey,Salinas Kitchens & Bath,,,"1368 S. Main Street, Salinas, CA 93901",Mick,50,30,,,,,,,,,,
36.564209,-121.9226608,silver,n,silver,n,Carmel - ByTheSea,Monterey,Salumeria Luca,,,"Dolores St., Carmel, CA 93923",Mick,50,30,,56,,,,,,,,
36.8500443,-121.4018173,silver,n,silver,n,San Benito,San Benito,San Benito Bene,,,"615 San Benito St, Hollister, CA 95023",Sarah,150,,,112,,,,,,,,
36.689,-121.869,silver,n,silver,n,San Benito,San Benito,San Juan Batista Olive Festival,,,,Mick,,100,,,,,,,,,,"10/11/2014 - Delivery is for STARTing DATE of the event, call contact to arrange details"
36.979885,-122.028908,silver,n,silver,n,Santa Cruz,Santa Cruz,San Lorenzo Lumber,,,"235 River St., Santa Cruz, CA",CPL,50,25,remove,25,,,,,,,,"deliver to Garden center, they want a display rack"
36.981478,-122.000623,green,n,green,y,Seaside,Monterey,Santa Cruz Kitchens & Bath,,,"1824 Soquel Ave, Santa Cruz, CA 95062",Mick,50,30,,Fri,,,,,,,,
36.982319,-121.94307,silver,y,silver,n,Aptos,Santa Cruz,Sante Adairius,Winery,,"103 Kennedy Dr, Capitola, CA 95010",Bill,50,50,,50,,,,,,,,
36.985606,-121.964991,silver,y,silver,n,Capitola,Santa Cruz,SC 41/ Home Space,,Michael/ Denise,"2647 41st Avenue, Soquel, CA 95073",Mick,25,15,,Fri,,,,,,,,
36.986595,-122.038811,silver,n,silver,n,Santa Cruz,Santa Cruz,SC Ale Works,,Mark,"150 Dubois St, Santa Cruz, CA 95060",CPL,100,50,remove,50,,,,,,,,
36.979145,-121.907349,green,y,green,y,Aptos,Santa Cruz,SC County Bank,Bank,,"7775 Soquel Dr. Aptos, CA 95003",Bill,50,50,,50,,,,,,,,
36.91639,-121.767159,green,n,green,y,Watsonville ,Santa Cruz,SC County Bank,,,"595 Auto Center Dr. Watsonville, CA 95076 ",Bill,50,50,,50,,,,,,,,
36.980967,-121.955442,green,n,green,y,Capitola,Santa Cruz,SC County Bank,,,"819 Bay Ave. Capitola, CA 95010",Mick,50,,,30,,,,,,,,
36.975052,-122.025009,green,n,green,y,Santa Cruz,Santa Cruz,SC County Bank,,,"720 Front St, Santa Cruz, CA 95060",Mick,100,30,,30,,,,,,,,connect with personal banker
37.04884,-122.015511,green,n,green,y,Santa Cruz Mntns,Santa Cruz,SC County Bank,,,"4604 Scotts Valley Dr. Scotts Valley, CA 95066",Mick,50,,,30,,,,,,,,
36.958935,-122.048477,green,n,green,y,Westside,Santa Cruz,SC Mountain Brewery,,Emily,"402 Ingalls St. Ste. 27 Santa Cruz, CA 95060",Mick,50,,,35,,,,,,,,
37.058349,-122.010415,silver,n,silver,n,Santa Cruz Mntns,Santa Cruz,SC Pasta Factory,,,"5340 Scotts Valley Dr, Scotts Valley, CA 95066",Mick,25,,,,,,,,,,,
36.960667,-122.0466,green,n,green,y,Westside,Santa Cruz,SCCFM,,Nesh/ Nicki,"1305 Fair Ave. #2 Santa Cruz, CA 95060",Mick,300,188,,168,,,,,,,,FArmers Market wharehouse delivery 
36.5537902,-121.9218298,green,n,green,y,Carmel,Monterey,Scheid Tasting Room,winery,,"SAN CARLOS & 7th, Carmel",Mick,50,47,,50,,,,,,,,check w/Stefani
36.2735825,-121.193779,green,n,green,y,River Road,Monterey,Scheid Tasting Room,,,"they take to Greenfield tasting room, 1972 Hobson Ave. Greenfield, CA 93927",Mick,50,47,,56,,,,,,,,
37.125271,-122.12426,silver,n,silver,n,Santa Cruz,Santa Cruz,Scopazzi's,,,"13300 Big Basin Way, Boulder Creek, CA 95006",Mick,25,,,,,,,,,,,
36.952531,-121.87717,silver,n,silver,n,Aptos,Santa Cruz,Seascape Market and Juice,Food,,"16 Seascape Village, Aptos, CA 95003",Bill,75,75,,75,,,,,,,,
36.950558,-121.877113,silver,y,silver,n,Aptos,Santa Cruz,Seascape Resort/Sanderlings,,Annie/ Kelly 688-6800,"1 Seascape Resort Dr. Aptos, CA 95003",Bill,300,150,,280,,,,,,,,5 boxes to start
36.6149305,-121.841096,silver,n,silver,n,Seaside,Monterey,SEASIDE GARDEN CENTER,,,"1177 San Pablo Ave., Seaside, CA 93955",Mick,50,47,,56,,,,,,,,
36.5569,-121.9218216,silver,y,silver,n,Carmel,Monterey,Serendipity Farms,,,"Carmel Farmers Market-San Carlos St., Carmel, CA 93921",,50,47,,,,,,,,,,thurs market
36.9723684,-121.9515882,silver,n,silver,n,Capitola,Santa Cruz,She Sells Seashells and More,,Alyce,"115 San Jose Ave. D Capitola, CA 95010",Mick,100,47,,40,,,,,,,,
36.976698,-122.01625,black,n,black,y,Seaside,Monterey,Shopper's Corner,,,"622 Soquel Ave, Santa Cruz, CA 95062",CPL,50,50,,50,,,,,,,,
36.5543785,-121.9135971,silver,n,silver,n,Carmel - ByTheSea,Monterey,Silvestri Tasting Room,,,"7th Avenue, Carmel, CA 93923",Mick,15,15,,15,,,,,,,,
36.961235,-122.047615,silver,n,silver,n,Westside,Santa Cruz,Skatter,,Kelly,"2340 Mission St. Santa Cruz, CA 95060",Mick,50,47,,1,,,,,,,,
36.954475,-122.053207,silver,n,silver,n,Santa Cruz,Santa Cruz,Slow Food/CCOF office,,,"2155 Delaware Ave, Santa Cruz, CA 95060",Mick,25,,,,,,,,,,,
37.031557,-122.218404,silver,n,silver,n,Davenport,Santa Cruz,SLOWCOAST,,,"25 Swanton Road, Davenport, California 95017",CPL,150,94,,112,,,,,,,,
36.973309,-122.026268,silver,n,green,y,Santa Cruz,Santa Cruz,Soif,,Patrice,"105 Walnut Ave, Santa Cruz, CA 95060",Mick,30,30,,30,,,,,,,,
36.65,-121.878,black,n,black,y,Out of Area,Out of Area,Sorensen's Resort,,,"14255 California 88, Hope Valley, CA 96120",,,,,,,,,,,,,Out of area
36.5202559,-121.8061783,silver,n,silver,n,Carmel Valley,Monterey,St. D Church,,,"28005 Robinson Canyon Rd., Carmel, CA 93923",Sarah,50,50,,56,,,,,,,,
36.980711,-122.00781,,,,,Santa Cruz,Santa Cruz,Staff of Life,,,"1266 Soquel Avenue, Santa Cruz, CA 95062",Mick,100,50,,56,,,,,,,,
36.958183,-122.017716,silver,n,silver,n,Santa Cruz,Santa Cruz,Stagnaro Bros.,,,"59 Municipal Wharf, Santa Cruz, CA 95060",CPL,25,,remove,50,,,,,,,,
36.6558723,-121.6591034,green,y,green,y,Salinas,Monterey,Star Market,,Victor,"1275 S Main St, Salinas, CA 93901",Mick,650,235,,392,,,,,,,,
36.6124132,-121.8981432,green,n,green,y,Monterey,Monterey,Stewart & Jasper,,,"Monterey Plaza Hotel-400 Cannery Row, Monterey, CA 93940",Mick,50,47,,56,,,,,,,,
36.5823441,-121.8292313,green,y,green,y,Monterey,Monterey,Stone Creek Kitchen,,Linda,"465 Canyon Del Rey Blvd, Monterey, CA 93940",Mick,300,94,,?,112,,,,,,,
36.981175,-122.031281,silver,n,silver,n,Santa Cruz,Santa Cruz,Storrs Winery,,Pamela,"303 Portrero  suite #35 Santa Cruz, CA 95060",Mick,50,47,,56,,,,,,,,
36.5569,-121.9218216,silver,n,silver,n,Carmel,Monterey,Super Natural/Julolife Juice,,,"Carmel Farmers Market-San Carlos St., Carmel, CA 93921",,50,,,,,,,,,,,
37.031557,-122.2182,silver,n,silver,n,Davenport,Santa Cruz,Swanton Berry Farm,,,"25 Swanton Rd, Davenport, CA 95017",CPL,50,47,,47,,,,,,,,
36.610122,-121.8526999,silver,n,silver,n,Seaside,Monterey,Sweet Elena's,,,"465 Olympia Ave, Sand City, CA 93955",Mick,50,50,,56,,,,,,,,
36.911085,-121.758988,silver,n,silver,n,Watsonville ,Santa Cruz,Swingtime Cafe,,,"19 W Lake Ave, Watsonville, CA 95076",Bill,25,25,,25,,,,,,,,
36.3832016,-121.3554916,green,n,green,y,River Road,Monterey,Talbott,,,"37700 Foothill Rd, Soledad, CA 93960",Mick,50,84,,56,,,,,,,,
36.4813491,-121.7333537,green,n,green,y,Carmel Valley,Monterey,Talbott,,,"25 Pilot Rd., Carmel Valley, CA 93924",Sarah,100,100,,112,,,,,,,,
36.5338902,-121.8492405,silver,n,silver,n,Carmel - Mouth,Monterey,Tancredi & Morgan,,,"7174 Carmel Valley Rd, Carmel, CA 93923",Mick,50,47,,56,,,,,,,,
36.5943331,-121.8857957,silver,n,silver,n,Monterey,Monterey,Tassajara Natural meats,,Mark Shelley,"930 Fremont Blvd., Monterey, CA 93940",,,,,,,,,,,,,MPC Market
36.536526,-121.90935,silver,y,silver,n,Carmel - Mouth,Monterey,Taste Morgan,,,"Carmel Crossroads, 204 Crossroads Blvd., Carmel, CA 93923",Mick,50,30,,35,,,,,,,,
36.67556,-121.6542435,green,y,green,y,Salinas,Monterey,The Bakery Station,,,"202 Monterey St, Salinas, CA 93901",Mick,100,47,,,,,,,,,,
36.976985,-122.015749,green,y,green,y,Seaside,Monterey,The Buttery,,Janet,"702 Soquel Ave. Santa Cruz, CA 95062",CPL,150,47,,50,30,,,,,,,
36.984125,-121.956761,silver,n,silver,n,Soquel,Santa Cruz,The Fish Lady,,Sharon,"2510 S. Main St. Soquel ,CA 95073",Bill,50,50,,50,,,,,,,,
36.962307,-122.045692,silver,n,silver,n,Santa Cruz,Santa Cruz,The Garden Co.,,Marie (owner),2218 Mission St.,Mick,50,,,30,,,,,,,,
36.9591179,-121.3831406,silver,n,silver,n,San Benito,San Benito,The Grove,,,"7511 Pacheco Pass Hwy., Hollister",Sarah,50,,,,,,,,,,,
37.072071,-122.084541,silver,n,silver,n,Santa Cruz Mntns,Santa Cruz,The Plant Works,,,"7945 Highway 9, Ben Lomond",Mick,50,47,,50,,,,,,,,
36.972745,-122.025926,green,y,green,y,Santa Cruz,Santa Cruz,The True Olive Connection,,Susan,"106 Lincoln St., Santa Cruz, CA 95060",Mick,100,47,,56,,,,,,,,
36.6219101,-121.9201813,silver,n,silver,n,Pacific Grove,Monterey,The Works,,,"667 Lighthouse Ave, Pacific Grove, CA 93950",Mick,50,30,,30,,,,,,,,
36.996626,-121.83089,black,n,black,y,Aptos,Santa Cruz,Thomas Farm,,,"1690 Pleasant Valley Rd, Aptos, CA 95003",Bill,,,,,,,,,,,,
36.986244,-121.936203,green,n,green,y,Aptos,Santa Cruz,Thrive,,Juli,"2840 Park Ave. Aptos, CA 95003",Bill,50,50,,50,,,,,,,,
36.4939499,-121.7468185,green,n,green,y,Carmel Valley,Monterey,Tina Adams Real Estate-Sotheby's,,,"312 W. Carmel Valley Rd., Carmel Valley, CA 93924",no dist,,,,,,,,,,,,
36.967972,-122.007645,silver,n,silver,n,Santa Cruz,Santa Cruz,Tramonti,,,"528 Seabright Ave, Santa Cruz, CA 95062",Mick,25,,,15,,,,,,,,
36.5569,-121.9218216,silver,n,silver,n,Carmel,Monterey,Tricycle Pizza,,,"Carmel Farmers Market-San Carlos St., Carmel, CA 93921",,50,,,,,,,,,,,
36.5556602,-121.9226837,silver,n,silver,n,Carmel,Monterey,Trio Carmel,,Karl/Charlotte,"Dolores St, Carmel, CA 93921",Mick,20,25,,30,,,,,,,,
36.616156,-121.903274,green,y,green,y,Monterey,Monterey,Troia Foods,,,"801 Foam St, Monterey, CA 93940",Mick,10,47,,0,,,,,,,,
36.4837919,-121.7353774,silver,n,silver,n,Carmel Valley,Monterey,Tularcitos,,,"35 Ford Rd., Carmel Valley, CA 93924",Sarah,50,25,,56,,,,,,,,
36.480786,-121.733528,green,n,green,y,Carmel Valley,Monterey,Twisted Roots,,,"12 Del Fino Pl, Carmel Valley, CA 93924",,,47,,,,,,,,,,
36.977146,-122.052301,silver,n,silver,n,Santa Cruz,Santa Cruz,UCSC,,Martha Brown,"1156 High Street, Santa Cruz, CA 95064",Mick,100,94,Closed for season,0,,,,,,,,Farm stand T/F
36.692,-121.872,silver,n,silver,N,Santa Cruz,Santa Cruz,UCSC Harvest Fest,,,,Mick,,,seasonal,,,,,,,,,"XX/YY2014 - Delivery is for STARTing DATE of the event, call contact to arrange details"
37.015565,-121.951824,green,n,green,y,Soquel,Santa Cruz,Uncie Ro's Pizza,,Roland (419-8191),"deliver to Everett Family Farm, 2111 Old San Jose Rd.",Bill,25,25,remove,25,,,,,,,,
36.4944382,-121.7468567,silver,n,silver,n,Carmel Valley,Monterey,Valley Hills Nursery,,,"7440 Carmel Valley Rd., Carmel Valley 93924",Mick,50,47,,56,,,,,,,,
36.5338902,-121.8492405,silver,y,silver,n,Carmel - Mouth,Monterey,Vally Hills Deli,,,"7174 Carmel Valley Rd, Carmel, CA 93923",Mick,50,47,,56,,,,,,,,
36.228123,-121.760437,silver,n,silver,n,Big Sur,Monterey,Ventana Inn,,,"48123 California 1, Big Sur, CA 93920",Sarah,150,200,,112,,,,,,,,2 HSKP/1 R
36.955966,-122.048585,green,n,green,y,Westside,Santa Cruz,Venus Spirits,,Sean,"427 A Swift St. Santa Cruz, CA 95060",CPL,50,47,,50,,,,,,,,
36.841928,-121.535168,silver,n,silver,n,San Benito,San Benito,Vertigo Coffee,,,"81 4th St, San Juan Bautista, CA 95023",Sarah,50,,,56,,,,,,,,
36.979885,-122.01052,green,n,green,y,Seaside,Monterey,Viva's,,Conrad,"1201 Soquel Ave, Santa Cruz, CA 95062",Mick,100,47,,56,,,,,,,,
36.90962,-121.75621,silver,n,silver,n,Watsonville ,Santa Cruz,WAT Farmer's Market,,,"Peck St & Main St, Watsonville, CA 95076",Bill,,,,,,,,,,,,
36.5927925,-121.8966293,green,n,green,y,Monterey,Monterey,Wellness Planning Institute,,Sherry,"950 Cass St, Suite A, Monterey, CA 93940",Mick,50,47,,35,,,,,,,,
36.95929,-122.044762,silver,n,silver,n,Westside,Santa Cruz,West End Tap,,Jeremy,"3340 Ingalls St. Santa Cruz, CA 95060",CPL,75,47,,47,,,,,,,,NEED CRATE
37.011353,-122.194931,green,n,green,y,Davenport,Santa Cruz,Whale City Bakery,,Lizzie,"490 Coast Rd, Davenport, CA 95017",CPL,100,47,,47,,,,,,,,
36.6006048,-121.8900315,green,n,green,y,Monterey,Monterey,Wharf Marketplace,,Brant,"290 Figueroa St, Monterey, CA 93940",Mick,100,94,,56,,,,,,,,
36.798359,-121.783966,silver,y,silver,n,Moss Landing,Monterey,Whole Enchilada,,,"7902 California Highway 1, Moss Landing, California 95039",Mick,100,47,,56,,,,,,,,
36.7956758,-121.7835163,silver,y,silver,n,Moss Landing,Monterey,Whole Enchilada Market,,,"7990 Highway 1, Moss Landing, CA 95039",Mick,150,47,,56,,,,,,,,
36.584535,-121.9003359,silver,y,silver,n,Monterey,Monterey,Whole Foods,,,"800 Del Monte Center, Monterey, CA 93940",Mick,250,188,,224,,,,,,,,customer service desk
36.978828,-122.01416,silver,y,silver,n,Seaside,Monterey,Whole Foods,,,"911 Soquel Ave. santa Cruz, CA 95062",Mick,100,80,,56,,,,,,,,
36.97419,-121.963791,silver,y,silver,n,Capitola,Santa Cruz,Whole Foods,,,"1710 41st Ave, Capitola, CA 95010",Mick,150,94,,80,,,,,,,,
36.4782015,-121.7292465,silver,n,silver,n,Carmel Valley,Monterey,Wild Goose,,,"18 E. Carmel Valley Rd, Camel Valley, CA 93924",Mick,,,,25,,,,,,,,
36.5948655,-121.8931791,silver,n,silver,n,Monterey,Monterey,Wild Plum,,,"731 Munras Ave, Monterey, CA 93940",Mick,30,30,,35,,,,,,,,
36.6794021,-121.7822671,green,n,green,y,Marina,Monterey,Wild Thyme,,Terry,"445 Reservation Rd, Marina, CA 93933",?,100,94,,56,,,,,,,,leave 3
36.964611,-121.99305,silver,y,silver,n,Capitola,Santa Cruz,Windmill Cafe,,Mary,"21231 E Cliff Dr, Santa Cruz, CA 95062",Mick,55,25,,20,,,,,,,,
37.019807,-121.761094,green,y,green,y,Watsonville ,Santa Cruz,Windy Oaks,,Jim & Judy h724-9562,"550 Hazel Dell Freedom, CA 95076",Bill,50,50,,50,,,,,,,,
36.686,-121.866,,y,,,Carmel - ByTheSea,Monterey,Windy Oaks,,,"
",Mick,,,PLEASE DEL HERE,,20,,,,,,,
36.697,-121.877,,,,,,Carmel,Windy Oaks,,,Su Vecino Court,,,,,15,,,,,,,,
36.5410728,-121.9044342,green,n,green,y,Carmel,Monterey,Womans Wellspring,,,"26365 Carmel Rancho Blvd. Suite F, Carmel, CA 93923",Mick,50,40,,40,,,,,,,,CLOSED FRIs
36.4091187,-121.3852081,silver,n,silver,n,River Road,Monterey,Wrath,,,"35801 Foothill Rd., Soledad, CA 93960",Mick,50,47,,56,,,,,,,,
36.6545179,-121.6606712,silver,n,silver,n,Salinas,Monterey,Zeph's,,,"1366 S Main St, Salinas, CA 93901",Mick,50,47,,,,,,,,,,